timestamp,message
29 September 2025 at 01:45,"toom"
29 September 2025 at 08:23,"yoink"
29 September 2025 at 15:57,"yoink"
30 September 2025 at 00:29,"toom"
30 September 2025 at 08:06,"yoink"
30 September 2025 at 19:37,"yoink"
01 October 2025 at 00:38,"toom"
01 October 2025 at 08:19,"yoink"
02 October 2025 at 00:25,"toom"
02 October 2025 at 23:54,"toom"
04 October 2025 at 00:39,"toom"
05 October 2025 at 00:39,"toom"
06 October 2025 at 00:36,"toom"
06 October 2025 at 08:52,"yoink"
06 October 2025 at 11:05,"yoink"
07 October 2025 at 00:48,"toom"
07 October 2025 at 08:50,"yoink"
08 October 2025 at 01:07,"toom"
08 October 2025 at 08:40,"yoink"
08 October 2025 at 16:10,"yoink"
10 October 2025 at 01:37,"toom"
11 October 2025 at 01:49,"toom"
12 October 2025 at 01:49,"toom"
12 October 2025 at 22:57,"toom"
13 October 2025 at 23:59,"toom"
15 October 2025 at 00:00,"toom"
16 October 2025 at 00:21,"toom"
17 October 2025 at 00:03,"toom"
17 October 2025 at 08:14,"yoink"
17 October 2025 at 09:05,"yoink"
18 October 2025 at 00:51,"toom"
19 October 2025 at 00:40,"toom"
20 October 2025 at 00:18,"toom"
21 October 2025 at 01:49,"toom"
21 October 2025 at 16:16,"yoink"
22 October 2025 at 01:26,"toom"
22 October 2025 at 09:03,"yoink"
22 October 2025 at 15:20,"yoink"
23 October 2025 at 01:07,"toom"
23 October 2025 at 08:48,"yoink"
24 October 2025 at 00:22,"toom"
24 October 2025 at 09:00,"yoink"
25 October 2025 at 01:05,"toom"
26 October 2025 at 01:42,"toom"
27 October 2025 at 00:36,"toom"
27 October 2025 at 08:48,"yoink"
28 October 2025 at 01:12,"toom"
28 October 2025 at 08:17,"yoink"
29 October 2025 at 00:53,"toom"
29 October 2025 at 08:41,"yoink"
30 October 2025 at 01:50,"toom"
30 October 2025 at 08:28,"yoink"
31 October 2025 at 01:42,"toom"
01 November 2025 at 01:13,"toom"
02 November 2025 at 01:35,"toom"
03 November 2025 at 01:45,"toom"
03 November 2025 at 08:15,"yoink"
03 November 2025 at 08:45,"yoink"
03 November 2025 at 22:26,"toom"
04 November 2025 at 08:35,"yoink"
05 November 2025 at 00:50,"toom"
06 November 2025 at 00:23,"toom"
06 November 2025 at 23:21,"toom"
08 November 2025 at 00:56,"toom"
08 November 2025 at 10:08,"yoink"
09 November 2025 at 00:57,"toom"
10 November 2025 at 01:49,"toom"
11 November 2025 at 00:29,"toom"
11 November 2025 at 09:02,"yoink"
12 November 2025 at 00:59,"toom"
12 November 2025 at 08:44,"yoink"
12 November 2025 at 19:05,"yoink"
13 November 2025 at 00:44,"toom"
14 November 2025 at 00:09,"toom"
14 November 2025 at 09:55,"yoink"
15 November 2025 at 00:42,"toom"
16 November 2025 at 02:23,"toom"
17 November 2025 at 02:16,"toom"
17 November 2025 at 08:06,"yoink"
17 November 2025 at 08:34,"yoink"
18 November 2025 at 01:55,"toom"
18 November 2025 at 08:47,"yoink"
18 November 2025 at 16:52,"yoink"
19 November 2025 at 01:18,"toom"
19 November 2025 at 23:45,"toom"
21 November 2025 at 00:57,"toom"
21 November 2025 at 18:58,"yoink"
21 November 2025 at 19:40,"yoink"
21 November 2025 at 23:31,"toom"
23 November 2025 at 00:21,"toom"
24 November 2025 at 01:46,"toom"
25 November 2025 at 01:08,"toom"
26 November 2025 at 00:24,"toom"
26 November 2025 at 09:13,"yoink"
26 November 2025 at 23:55,"toom"
28 November 2025 at 01:28,"toom"
29 November 2025 at 01:10,"toom"
30 November 2025 at 03:19,"toom"
01 December 2025 at 00:12,"toom"
01 December 2025 at 09:11,"yoink"
02 December 2025 at 02:17,"toom"
02 December 2025 at 16:43,"yoink"
03 December 2025 at 00:32,"toom"
03 December 2025 at 10:14,"yoink"
04 December 2025 at 00:41,"toom"
04 December 2025 at 11:10,"toom"
05 December 2025 at 16:27,"yoink"
06 December 2025 at 01:10,"toom"
06 December 2025 at 17:54,"yoink"
07 December 2025 at 00:09,"toom"
08 December 2025 at 00:21,"toom"
08 December 2025 at 08:15,"yoink"
08 December 2025 at 09:26,"yoink"
08 December 2025 at 23:39,"toom"